﻿Flight No,Origin,VIA,Time,Terminal,Status,Category
"Today, 30 May 2024","Today, 30 May 2024","Today, 30 May 2024","Today, 30 May 2024","Today, 30 May 2024","Today, 30 May 2024",Dom-Arrival
AI 840,Hyderabad,----,23:00,T3,Landed,Dom-Arrival
AI 850,Pune,----,21:1021:42,T3,Arrived,Dom-Arrival
AI 858,Pune,----,18:2021:29,T3,Arrived,Dom-Arrival
AI 888,Mumbai,----,21:1521:05,T3,Arrived,Dom-Arrival
AI 890,Imphal,Guwahati,19:4019:18,T3,Arrived,Dom-Arrival
AI 892,Guwahati,----,23:5523:34,T3,Expected,Dom-Arrival
QP 1120,Mumbai,----,21:1521:04,T2,Arrived,Dom-Arrival
QP 1358,GOA (MOPA),----,22:0021:45,T2,Arrived,Dom-Arrival
QP 1379,GOA (MOPA),----,17:4017:16,T2,Arrived,Dom-Arrival
QP 1407,Hyderabad,----,21:0020:41,T2,Arrived,Dom-Arrival
QP 1629,GOA (MOPA),----,20:0520:02,T2,Arrived,Dom-Arrival
"Tomorrow, 31 May 2024","Tomorrow, 31 May 2024","Tomorrow, 31 May 2024","Tomorrow, 31 May 2024","Tomorrow, 31 May 2024","Tomorrow, 31 May 2024",Dom-Arrival
AI 848,Pune,----,03:00,T3,On Time,Dom-Arrival
AI 854,Pune,----,00:10,T3,On Time,Dom-Arrival
AI 859,Mumbai,----,03:50,T3,On Time,Dom-Arrival
AI 886,Goa,----,16:50,T3,On Time,Dom-Arrival
QP 1145,Ahmedabad,----,07:55,T2,On Time,Dom-Arrival
QP 1359,Bengaluru Intl Airport,----,07:20,T2,On Time,Dom-Arrival
QP 1405,Hyderabad,----,10:30,T2,On Time,Dom-Arrival
QP 1410,Mumbai,----,10:05,T2,On Time,Dom-Arrival
QP 1624,GOA (MOPA),----,08:50,T2,On Time,Dom-Arrival

Flight No,VIA,Estimated Date,Time,Terminal,Status,Category
"Tomorrow, 31 May 2024","Tomorrow, 31 May 2024","Tomorrow, 31 May 2024","Tomorrow, 31 May 2024","Tomorrow, 31 May 2024","Tomorrow, 31 May 2024",Dom-Depart
AI 1445,----,---,07:20,T3,On Time,Dom-Depart
AI 1463,----,---,11:30,T3,On Time,Dom-Depart
AI 1863,----,---,16:55,T3,On Time,Dom-Depart
AI 3831,----,---,06:15,T3,On Time,Dom-Depart
AI 401,----,---,06:45,T3,On Time,Dom-Depart
AI 881,----,---,16:55,T3,On Time,Dom-Depart
AI 883,----,---,16:00,T3,On Time,Dom-Depart
AI 885,----,---,10:50,T3,On Time,Dom-Depart
AI 887,----,---,07:00,T3,On Time,Dom-Depart
AI 889,Guwahati,---,10:25,T3,On Time,Dom-Depart
QP 1355,----,---,08:00,T2,On Time,Dom-Depart
QP 1406,----,---,11:20,T2,On Time,Dom-Depart
QP 1411,----,---,10:50,T2,On Time,Dom-Depart
"Today, 30 May 2024","Today, 30 May 2024","Today, 30 May 2024","Today, 30 May 2024","Today, 30 May 2024","Today, 30 May 2024",Dom-Depart
AI 3799,----,30 May 2024,20:2021:18,T3,Departed,Dom-Depart
AI 403,----,30 May 2024,17:2017:51,T3,Departed,Dom-Depart
AI 891,----,30 May 2024,17:5518:32,T3,Departed,Dom-Depart
QP 1146,----,30 May 2024,21:55,T2,Departed,Dom-Depart
QP 1334,----,30 May 2024,18:3519:11,T2,Departed,Dom-Depart
QP 1350,----,30 May 2024,22:40,T2,Departed,Dom-Depart
QP 1409,----,30 May 2024,21:40,T2,Departed,Dom-Depart

Flight No,VIA,Estimated Date,Time,Terminal,Status,Category
"Tomorrow, 31 May 2024","Tomorrow, 31 May 2024","Tomorrow, 31 May 2024","Tomorrow, 31 May 2024","Tomorrow, 31 May 2024","Tomorrow, 31 May 2024",Int-Arrival
AI 902,----,---,04:25,T3,On Time,Int-Arrival
AI 916,----,---,01:30,T3,On Time,Int-Arrival
AI 926,----,---,04:30,T3,On Time,Int-Arrival
AI 972,----,---,04:20,T3,On Time,Int-Arrival
AI 974,----,---,03:10,T3,On Time,Int-Arrival
AI 996,----,---,04:55,T3,On Time,Int-Arrival
UL 191,----,---,04:15,T3,On Time,Int-Arrival
NH 837,----,---,16:30,T3,On Time,Int-Arrival
KA 4577,----,---,09:10,T3,On Time,Int-Arrival
IX 136,----,---,06:00,T3,On Time,Int-Arrival
IX 146,----,---,05:05,T3,On Time,Int-Arrival
"Today, 30 May 2024","Today, 30 May 2024","Today, 30 May 2024","Today, 30 May 2024","Today, 30 May 2024","Today, 30 May 2024",Int-Arrival
AI 918,----,30 May 2024,18:2018:14,T3,Arrived,Int-Arrival
AI 925,----,---,18:59,T3,Arrived,Int-Arrival
AI 991,----,---,17:27,T3,Arrived,Int-Arrival
UL 195,----,30 May 2024,17:4517:36,T3,Arrived,Int-Arrival
KA 5577,----,---,23:10,T3,On Time,Int-Arrival
KA 577,----,30 May 2024,09:3019:56,T3,Arrived,Int-Arrival
BA 143,----,30 May 2024,23:3023:12,T3,Landed,Int-Arrival
CX 679,----,30 May 2024,23:5023:30,T3,Expected,Int-Arrival
CX 695,----,30 May 2024,21:15,T3,Arrived,Int-Arrival

Flight No,VIA,Estimated Date,Time,Terminal,Status,Category
"Today, 30 May 2024","Today, 30 May 2024","Today, 30 May 2024","Today, 30 May 2024","Today, 30 May 2024","Today, 30 May 2024",Int-Depart
AA 293,----,30 May 2024,23:30,T3,Gate Closed,Int-Depart
G9 466,----,30 May 2024,18:3519:43,T3,Departed,Int-Depart
AC 043,----,31 May 2024,22:5000:20,T3,Check-In Open,Int-Depart
AI 183,----,30 May 2024,15:2023:15,T3,Check-In Close,Int-Depart
"Tomorrow, 31 May 2024","Tomorrow, 31 May 2024","Tomorrow, 31 May 2024","Tomorrow, 31 May 2024","Tomorrow, 31 May 2024","Tomorrow, 31 May 2024",Int-Depart
G9 464,----,31 May 2024,04:40,T3,Expected,Int-Depart
SU 233,----,31 May 2024,05:00,T3,Expected,Int-Depart
AF 225,----,31 May 2024,00:35,T3,Check-In Open,Int-Depart
AI 101,----,31 May 2024,02:20,T3,Check-In Open,Int-Depart
AI 103,----,31 May 2024,01:55,T3,Check-In Open,Int-Depart
AI 111,----,---,06:45,T3,On Time,Int-Depart
AI 113,----,---,13:25,T3,On Time,Int-Depart
AI 121,----,---,13:35,T3,On Time,Int-Depart
AI 127,----,31 May 2024,03:00,T3,Check-In Open,Int-Depart
AI 137,----,---,14:15,T3,On Time,Int-Depart
AI 143,----,---,13:20,T3,On Time,Int-Depart
AI 157,----,---,14:20,T3,On Time,Int-Depart
AI 161,----,31 May 2024,02:45,T3,Check-In Open,Int-Depart
AI 173,----,31 May 2024,03:55,T3,Expected,Int-Depart
AI 183,----,---,15:15,T3,On Time,Int-Depart
AI 185,----,---,05:20,T3,On Time,Int-Depart
