﻿Flight No,Origin,VIA,Time,Terminal,Status,Category
"Today, 24 May 2024","Today, 24 May 2024","Today, 24 May 2024","Today, 24 May 2024","Today, 24 May 2024","Today, 24 May 2024",Dom-Arrival
AI 687,Mumbai,----,18:3018:19,T3,Arrived,Dom-Arrival
AI 768,Kolkata,----,18:1017:38,T3,Arrived,Dom-Arrival
AI 770,Kolkata,----,22:3522:09,T3,Expected,Dom-Arrival
AI 802,Trivandrum,----,22:5022:15,T3,Expected,Dom-Arrival
AI 808,Bengaluru Intl Airport,----,23:55,T3,On Time,Dom-Arrival
AI 812,Lucknow,----,21:55,T3,Expected,Dom-Arrival
AI 816,Mumbai,----,23:15,T3,On Time,Dom-Arrival
AI 820,Vadodara,----,22:35,T3,On Time,Dom-Arrival
AI 822,Srinagar,Jammu,17:20,T3,Arrived,Dom-Arrival
AI 832,Cochin,----,18:5018:48,T3,Arrived,Dom-Arrival
"Tomorrow, 25 May 2024","Tomorrow, 25 May 2024","Tomorrow, 25 May 2024","Tomorrow, 25 May 2024","Tomorrow, 25 May 2024","Tomorrow, 25 May 2024",Dom-Arrival
AI 763,Kolkata,----,09:15,T3,On Time,Dom-Arrival
AI 769,Kolkata,----,12:30,T3,On Time,Dom-Arrival
AI 804,Bengaluru Intl Airport,----,08:35,T3,On Time,Dom-Arrival
AI 806,Mumbai,----,10:20,T3,On Time,Dom-Arrival
AI 809,Mumbai,----,12:15,T3,On Time,Dom-Arrival
AI 818,Ahmedabad,----,09:25,T3,On Time,Dom-Arrival
AI 824,Vadodara,----,08:25,T3,On Time,Dom-Arrival
AI 826,Srinagar,----,14:10,T3,On Time,Dom-Arrival
AI 828,Srinagar,----,11:20,T3,On Time,Dom-Arrival
AI 830,Trivandrum,----,09:25,T3,On Time,Dom-Arrival

Flight No,VIA,Estimated Date,Time,Terminal,Status,Category
"Tomorrow, 25 May 2024","Tomorrow, 25 May 2024","Tomorrow, 25 May 2024","Tomorrow, 25 May 2024","Tomorrow, 25 May 2024","Tomorrow, 25 May 2024",Dom-Depart
AI 767,----,---,12:20,T3,On Time,Dom-Depart
AI 801,----,---,15:20,T3,On Time,Dom-Depart
AI 803,----,---,06:10,T3,On Time,Dom-Depart
AI 813,----,---,08:00,T3,On Time,Dom-Depart
AI 815,----,---,15:45,T3,On Time,Dom-Depart
AI 817,----,---,05:30,T3,On Time,Dom-Depart
AI 821,Jammu,---,10:45,T3,On Time,Dom-Depart
AI 823,----,---,04:50,T3,On Time,Dom-Depart
AI 825,----,---,10:15,T3,On Time,Dom-Depart
AI 827,----,---,07:30,T3,On Time,Dom-Depart
AI 831,----,---,11:20,T3,On Time,Dom-Depart
AI 833,----,---,04:55,T3,On Time,Dom-Depart
"Today, 24 May 2024","Today, 24 May 2024","Today, 24 May 2024","Today, 24 May 2024","Today, 24 May 2024","Today, 24 May 2024",Dom-Depart
AI 805,----,24 May 2024,20:00,T3,Departed,Dom-Depart
AI 807,----,24 May 2024,17:20,T3,Departed,Dom-Depart
AI 811,----,24 May 2024,18:50,T3,Departed,Dom-Depart
AI 814,----,24 May 2024,22:30,T3,Gate Open,Dom-Depart
AI 819,----,24 May 2024,18:3519:39,T3,Departed,Dom-Depart
AI 829,----,24 May 2024,21:25,T3,Departed,Dom-Depart
AI 835,----,24 May 2024,16:20,T3,Departed,Dom-Depart
AI 839,----,24 May 2024,21:5021:46,T3,Gate Closed,Dom-Depart

Flight No,VIA,Estimated Date,Time,Terminal,Status,Category
"Tomorrow, 25 May 2024","Tomorrow, 25 May 2024","Tomorrow, 25 May 2024","Tomorrow, 25 May 2024","Tomorrow, 25 May 2024","Tomorrow, 25 May 2024",Int-Arrival
AI 916,----,---,01:30,T3,On Time,Int-Arrival
AI 930,----,---,15:50,T3,On Time,Int-Arrival
AI 962,----,---,05:40,T3,On Time,Int-Arrival
AI 972,----,---,04:20,T3,On Time,Int-Arrival
AI 974,----,---,03:10,T3,On Time,Int-Arrival
AI 996,----,---,04:55,T3,On Time,Int-Arrival
IX 136,----,---,06:00,T3,On Time,Int-Arrival
IX 146,----,---,05:05,T3,On Time,Int-Arrival
B2 757,----,---,05:35,T3,On Time,Int-Arrival
B3 773,Kathmandu,---,09:25,T3,On Time,Int-Arrival
6E 064,----,---,09:05,T3,On Time,Int-Arrival
6E 072,----,---,08:20,T3,On Time,Int-Arrival
6E 084,----,---,07:00,T3,On Time,Int-Arrival
AZ 770,----,25 May 2024,01:1501:11,T3,Expected,Int-Arrival
"Today, 24 May 2024","Today, 24 May 2024","Today, 24 May 2024","Today, 24 May 2024","Today, 24 May 2024","Today, 24 May 2024",Int-Arrival
AI 918,----,24 May 2024,18:2018:53,T3,Arrived,Int-Arrival
UL 195,----,24 May 2024,17:45,T3,Arrived,Int-Arrival
NH 837,----,24 May 2024,16:3015:56,T3,Arrived,Int-Arrival
BA 143,----,24 May 2024,23:3023:15,T3,Expected,Int-Arrival
BG 397,----,24 May 2024,17:30,T3,Arrived,Int-Arrival
W5 071,----,24 May 2024,23:0522:20,T3,Expected,Int-Arrival

Flight No,VIA,Estimated Date,Time,Terminal,Status,Category
"Today, 24 May 2024","Today, 24 May 2024","Today, 24 May 2024","Today, 24 May 2024","Today, 24 May 2024","Today, 24 May 2024",Int-Depart
AA 293,----,24 May 2024,23:30,T3,Gate Open,Int-Depart
G9 466,----,24 May 2024,18:3519:08,T3,Departed,Int-Depart
AC 043,----,24 May 2024,22:50,T3,Check-In Close,Int-Depart
AC 051,----,25 May 2024,23:5000:30,T3,Check-In Close,Int-Depart
AI 915,----,24 May 2024,17:00,T3,Departed,Int-Depart
AI 971,----,24 May 2024,19:30,T3,Departed,Int-Depart
AI 973,----,24 May 2024,19:45,T3,Departed,Int-Depart
AI 995,----,24 May 2024,20:45,T3,Departed,Int-Depart
"Tomorrow, 25 May 2024","Tomorrow, 25 May 2024","Tomorrow, 25 May 2024","Tomorrow, 25 May 2024","Tomorrow, 25 May 2024","Tomorrow, 25 May 2024",Int-Depart
G9 464,----,---,04:40,T3,On Time,Int-Depart
SU 233,----,---,05:00,T3,On Time,Int-Depart
AF 225,----,25 May 2024,00:3501:10,T3,Check-In Open,Int-Depart
AI 101,----,25 May 2024,02:20,T3,Expected,Int-Depart
AI 103,----,25 May 2024,01:55,T3,Expected,Int-Depart
AI 105,----,25 May 2024,02:25,T3,Expected,Int-Depart
AI 111,----,---,06:45,T3,On Time,Int-Depart
AI 121,----,---,13:35,T3,On Time,Int-Depart
AI 127,----,25 May 2024,03:00,T3,Expected,Int-Depart
AI 913,----,25 May 2024,00:45,T3,Check-In Open,Int-Depart
AI 917,----,---,10:00,T3,On Time,Int-Depart
AI 929,----,---,07:30,T3,On Time,Int-Depart
