﻿Flight No,Origin,VIA,Time,Terminal,Status,Category
"Today, 30 May 2024","Today, 30 May 2024","Today, 30 May 2024","Today, 30 May 2024","Today, 30 May 2024","Today, 30 May 2024",Dom-Arrival
AI 804,Bengaluru Intl Airport,----,08:35,T3,On Time,Dom-Arrival
AI 806,Mumbai,----,10:20,T3,On Time,Dom-Arrival
AI 809,Mumbai,----,12:15,T3,On Time,Dom-Arrival
AI 818,Ahmedabad,----,09:25,T3,On Time,Dom-Arrival
AI 822,Srinagar,Jammu,17:20,T3,On Time,Dom-Arrival
AI 824,Vadodara,----,08:55,T3,On Time,Dom-Arrival
AI 826,Srinagar,----,14:10,T3,On Time,Dom-Arrival
AI 828,Srinagar,----,11:20,T3,On Time,Dom-Arrival
AI 830,Trivandrum,----,09:25,T3,On Time,Dom-Arrival
AI 834,Cochin,----,00:0500:48,T3,Arrived,Dom-Arrival
AI 848,Pune,----,03:0002:58,T3,Arrived,Dom-Arrival
AI 852,Pune,----,10:00,T3,On Time,Dom-Arrival
AI 854,Pune,----,00:1000:41,T3,Arrived,Dom-Arrival
AI 855,Mumbai,----,13:30,T3,On Time,Dom-Arrival
AI 859,Mumbai,----,03:5003:20,T3,Landed,Dom-Arrival
29 May 2024,29 May 2024,29 May 2024,29 May 2024,29 May 2024,29 May 2024,Dom-Arrival
AI 808,Bengaluru Intl Airport,----,23:5500:17,T3,Arrived,Dom-Arrival
AI 812,Lucknow,----,21:5522:50,T3,Arrived,Dom-Arrival
AI 816,Mumbai,----,23:1500:19,T3,Arrived,Dom-Arrival
AI 820,Vadodara,----,22:3523:14,T3,Arrived,Dom-Arrival
AI 840,Hyderabad,----,23:0022:57,T3,Arrived,Dom-Arrival

Flight No,VIA,Estimated Date,Time,Terminal,Status,Category
"Today, 30 May 2024","Today, 30 May 2024","Today, 30 May 2024","Today, 30 May 2024","Today, 30 May 2024","Today, 30 May 2024",Dom-Depart
AI 833,----,30 May 2024,04:55,T3,Check-In Open,Dom-Depart
AI 835,----,---,16:20,T3,On Time,Dom-Depart
AI 849,----,---,15:55,T3,On Time,Dom-Depart
AI 851,----,30 May 2024,04:50,T3,Check-In Open,Dom-Depart
AI 853,----,---,19:00,T3,On Time,Dom-Depart
AI 856,----,---,14:45,T3,On Time,Dom-Depart
AI 857,----,---,13:05,T3,On Time,Dom-Depart
AI 860,----,30 May 2024,02:15,T3,Departed,Dom-Depart
AI 863,----,---,14:00,T3,On Time,Dom-Depart
AI 865,----,---,11:00,T3,On Time,Dom-Depart
AI 885,----,---,10:50,T3,On Time,Dom-Depart
AI 887,----,30 May 2024,07:00,T3,Expected,Dom-Depart
AI 889,Guwahati,---,10:25,T3,On Time,Dom-Depart
AI 891,----,---,17:55,T3,On Time,Dom-Depart
QP 1128,----,---,16:00,T2,On Time,Dom-Depart
QP 1334,----,---,18:35,T2,On Time,Dom-Depart
29 May 2024,29 May 2024,29 May 2024,29 May 2024,29 May 2024,29 May 2024,Dom-Depart
AI 839,----,29 May 2024,21:5023:54,T3,Departed,Dom-Depart
AI 847,----,29 May 2024,21:4522:22,T3,Departed,Dom-Depart
QP 1146,----,29 May 2024,21:5523:35,T2,Departed,Dom-Depart
QP 1350,----,29 May 2024,22:4023:22,T2,Departed,Dom-Depart

Flight No,VIA,Estimated Date,Time,Terminal,Status,Category
"Today, 30 May 2024","Today, 30 May 2024","Today, 30 May 2024","Today, 30 May 2024","Today, 30 May 2024","Today, 30 May 2024",Int-Arrival
AI 914,----,---,10:10,T3,On Time,Int-Arrival
AI 916,----,30 May 2024,01:30,T3,Arrived,Int-Arrival
AI 962,----,---,05:40,T3,On Time,Int-Arrival
AI 972,----,30 May 2024,04:2004:55,T3,Delayed,Int-Arrival
AI 974,----,30 May 2024,03:10,T3,Landed,Int-Arrival
AI 996,----,---,04:55,T3,On Time,Int-Arrival
UL 191,----,30 May 2024,04:1503:50,T3,Expected,Int-Arrival
UL 195,----,---,17:45,T3,On Time,Int-Arrival
NH 837,----,---,16:30,T3,On Time,Int-Arrival
KA 577,----,---,09:30,T3,On Time,Int-Arrival
IX 136,----,---,06:00,T3,On Time,Int-Arrival
BG 397,----,---,14:15,T3,On Time,Int-Arrival
CX 695,----,---,21:15,T3,On Time,Int-Arrival
LH 760,----,30 May 2024,00:5503:13,T3,Arrived,Int-Arrival
KB 200,----,---,11:30,T3,On Time,Int-Arrival
EY 210,----,---,15:45,T3,On Time,Int-Arrival
EY 212,----,---,07:55,T3,On Time,Int-Arrival
29 May 2024,29 May 2024,29 May 2024,29 May 2024,29 May 2024,29 May 2024,Int-Arrival
KA 5577,----,29 May 2024,23:1022:23,T3,Arrived,Int-Arrival
BA 143,----,29 May 2024,23:3023:26,T3,Arrived,Int-Arrival
LH 762,----,29 May 2024,23:3000:05,T3,Arrived,Int-Arrival

Flight No,VIA,Estimated Date,Time,Terminal,Status,Category
29 May 2024,29 May 2024,29 May 2024,29 May 2024,29 May 2024,29 May 2024,Int-Depart
AA 293,----,29 May 2024,23:3000:51,T3,Departed,Int-Depart
G9 466,----,29 May 2024,18:3522:53,T3,Departed,Int-Depart
AC 043,----,29 May 2024,22:5000:18,T3,Departed,Int-Depart
"Today, 30 May 2024","Today, 30 May 2024","Today, 30 May 2024","Today, 30 May 2024","Today, 30 May 2024","Today, 30 May 2024",Int-Depart
G9 464,----,30 May 2024,04:40,T3,Check-In Open,Int-Depart
G9 466,----,---,18:35,T3,On Time,Int-Depart
AC 2043,----,---,10:20,T3,On Time,Int-Depart
SU 233,----,30 May 2024,05:00,T3,Check-In Open,Int-Depart
AF 225,----,30 May 2024,00:35,T3,Departed,Int-Depart
J2 058,----,30 May 2024,06:30,T3,Check-In Open,Int-Depart
AI 101,----,30 May 2024,02:2004:30,T3,Check-In Open,Int-Depart
AI 105,----,30 May 2024,02:2503:17,T3,Departed,Int-Depart
AI 111,----,30 May 2024,06:45,T3,Check-In Open,Int-Depart
AI 121,----,---,13:35,T3,On Time,Int-Depart
AI 127,----,30 May 2024,03:00,T3,Departed,Int-Depart
AI 139,----,---,16:35,T3,On Time,Int-Depart
AI 143,----,---,13:20,T3,On Time,Int-Depart
AI 153,----,---,14:05,T3,On Time,Int-Depart
AI 155,----,---,13:15,T3,On Time,Int-Depart
AI 161,----,30 May 2024,02:45,T3,Departed,Int-Depart
AI 165,----,---,15:15,T3,On Time,Int-Depart
